SHA256,MD5,Category
d460a39b8a903a1d6a559515723fd55c7ed0a4c06fbce1635fc8e21662250f9e,f1eae05f61769fc81034f3fe66cb9183,Ransomware
b3e1e9d97d74c416c2a30dd11858789af5554cf2de62f577c13944a19623777d,fe1bc60a95b2c2d77cd5d232296a7fa4,Ransomware
571114066b38641901a6a70cf10fc8c0d64167b09c220c19acad7d15505455c0,f206005aa256bbbb936599ed750bc39b,Ransomware
5bd70163b5ee71238d37ffa0ff179e6a42fc28ff5e218c11502e8341b031b951,058bc3d69908c411441021c7449a7663,Ransomware
516664139b0ddd044397a56482d7308d87c213c320a3151ccb9738e8f932654b,84c1567969b86089cc33dccf41562bcd,Ransomware
12ee27f56ec8a2a3eb2fe69179be3f7a7193ce2b92963ad33356ed299f7ed975,c830512579b0e08f40bc1791fc10c582,Ransomware
f3f25af554bedfa4ee2824bb858280282bd87828d446048619dc49fe061741b4,3f2cb535fc5bc296aa5b0d2897c265d0,Ransomware
4d9432e8a0ceb64c34b13d550251b8d9478ca784e50105dc0d729490fb861d1a,f00aded4c16c0e8c3b5adfc23d19c609,Ransomware
b6855793aebdd821a7f368585335cb132a043d30cb1f8dccceb5d2127ed4b9a4,f913d43ba0a9f921b1376b26cd30fa34,Ransomware
43e61519be440115eeaa3738a0e4aa4bb3c8ac5f9bdfce1a896db17a374eb8aa,f9fc1a1a95d5723c140c2a8effc93722,Ransomware
a82aec54cad176b368967fa8e41e41a8129ffafe6ab627312e111e63605b8478,47d19d8876bd39f1038746379dce3926,Ransomware
243dff06fc80a049f4fb37292f8b8def0fce29768f345c88ee10699e22b0ae60,0ed51a595631e9b4d60896ab5573332f,Ransomware
1ef8db7e8bd3aaba8b1cef96cd52fde587871571b1719c5d40f9a9c98dd26f84,c363e327287081251b820276cd9ce1f8,Ransomware
cbbc7052fed8d0002d07736a68219f01a5a4e1c19ee50310e2381e96fa8836ed,dec3eb5c3db86ecbad95d50fea19adc1,Ransomware
8cfd28911878af048fb96b6cc0b9da770542576d5c2b20b193c3cfc4bde4d3bc,04fde4340cc79cd9e61340d4c1e8ddfb,Ransomware
afb22b1ff281c085b60052831ead0a0ed300fac0160f87851dacc67d4e158178,f75ba194742c978239da2892061ba1b4,Ransomware
1d4c0b32aea68056755daf70689699200ffa09688495ccd65a0907cade18bd2a,c4da0137cbb99626fd44da707ae1bca8,Ransomware
0a0c225f0e5ee941a79f2b7701f1285e4975a2859eb4d025d96d9e366e81abb9,979692cd7fc638beea6e9d68c752f360,Ransomware
9cee5522a7ca2bfca7cd3d9daba23e9a30deb6205f56c12045839075f7627297,f87a2e1c3d148a67eaeb696b1ab69133,Ransomware
4098b54c9d27b00ce34d04ffac24213ed28993a2854827851b157d63407c2e4e,794c5aa1b0e1f9cf2fc7fe5f22117c3f,Ransomware
a11cc5051e3a88428db495f6d8e4b6381a1cb3fa5946a525ef5c00bfcb44e210,0390938e8a9df14af45e264a128a5bf8,Ransomware
fb76b4a667c6d790c39fcc93a3aac8cd2a224f0eb9ece4ecfd7825f606c2a8b6,29bcd459f5ddeeefad26fc098304e786,Ransomware
f42bcc81c05e8944649958f8b9296c5523d1eb8ab00842d66530702e476561ef,ec0e75c477fc54c92c47788bb9ccc034,Ransomware
6931b124d38d52bd7cdef48121fda457d407b63b59bb4e6ead4ce548f4bbb971,9009593ebf5ea20407ab19bff045dc9d,Ransomware
151fbd6c299e734f7853497bd083abfa29f8c186a9db31dbe330ace2d35660d5,9d418ecc0f3bf45029263b0944236884,Ransomware
1cc7c198a8a2c935fd6f07970479e544f5b35a8eb3173de0305ebdf76a0988cb,6a7fdab1c7f6c5a5482749be5c4bf1a4,Ransomware
d173fdd600b0577f376067d758da1ccfa63daba40f5f9cbd1e0c14c13df739e4,e8c158e6c3ebf4a4ed03721dd541a7ef,Ransomware
6d656f110246990d10fe0b0132704b1323859d4003f2b1d5d03f665c710b8fd3,e81f857bffd0269d9375b08354de3293,Ransomware
521c503bc3f5d8b2aa8819e8e30e2019e74ea9649a57529fb32c3dfc66a1e7ef,b189fad932afbd22817b65e5a9c41a4a,Ransomware
508dd6f7ed6c143cf5e1ed6a4051dd8ee7b5bf4b7f55e0704d21ba785f2d5add,69ec3d1368adbe75f3766fc88bc64afc,Ransomware
e0c0cbc50a9ed4d01a176497c8dba913cbbba515ea701a67ef00dcb7c8a84368,130220f4457b9795094a21482d5f104b,Ransomware
ac092962654b46a670b030026d07f5b8161cecd2abd6eece52b7892965aa521b,4d419dc50e3e4824c096f298e0fa885a,Ransomware
d43b271fb4931263f8fa54b297e3cf60762a0fe5c50ed76999f276dcc3c283be,b9d04060842f71d1a8f3444316dc1843,Ransomware
bc32a2ccf158ebe2b76646be865a4c6dd91da6b8e5bb0dd9520102a9bfea5439,a14e07f7da701bd91108f988862a71a0,Ransomware
029c5d48e425206e2ae84a63d62bdbc80362702913b38618a423c541c8a0ed40,6e6278fa8eda2c2b2ce8fac2ba78cdcc,Ransomware
bac7f1cb70a0fe909590f7b270248705d216b4abaf4e5dd4969fa4f1949badec,b68be0dacf09904cd4a0fbe0aab3842e,Ransomware
cc54647e8c3fe7b701d78a6fa072c52641ac11d395a6d2ffaf05f38f53112556,d6634959e4f9b42dfc02b270324fa6d9,Ransomware
e51e4c372edf2bbe476a4b7630225c1875c5ccea2ed55b418bd793c54ce9a84d,a7cefa7c6ae37bbca616cc76f4a98603,Ransomware
17139a10fd226d01738fe9323918614aa913b2a50e1a516e95cced93fa151c61,cfcfb68901ffe513e9f0d76b17d02f96,Ransomware
533672da9d276012ebab3ce9f4cd09a7f537f65c6e4b63d43f0c1697e2f5e48d,0e178c4808213ce50c2540468ce409d3,Ransomware
2d82be244e23001148ed5a6d83856b6f7cd20c3f7786481303d5d584c51ff5f0,edb5670581d49771d180940c4d1179b1,Ransomware
68872cc22fbdf0c2f69c32ac878ba9a7b7cf61fe5dd0e3da200131b8b23438e7,9e779da82d86bcd4cc43ab29f929f73f,Ransomware
2de09a815efcc64810046de69b8e0aa1c9e9beee77b66560a0b15d737485e3c5,9b5350ddf895a5051b90a1cc563753df,Ransomware
7f6dd0ca03f04b64024e86a72a6d7cfab6abccc2173b85896fc4b431990a5984,d0512f2063cbd79fb0f770817cc81ab3,Ransomware
bfb31c96f9e6285f5bb60433f2e45898b8a7183a2591157dc1d766be16c29893,a3d964aaf642d626474f02ba3ae4f49b,Ransomware
973dfafc3051d8c2849f62c556ab8057da706f15d1ffd8871de894ae3a24d86b,78d080e27c4e75fbd8945af34a338958,Ransomware
622e2834e51caa303d120c7503d8fcce671226a0342d7be0f8cf546b44cee195,e096b294d0ed5f42ca68bc41c47ac27a,Ransomware
056c3790765f928e991591cd139384b6680df26313a73711add657abc369028c,0880430c257ce49d7490099d2a8dd01a,Ransomware
4708750c9a6fdeaec5f499a3cd26bb5f61db4f82e66484dc7b44118effbb246f,1f6a4160a9afe021956afc921dae881f,Ransomware
6fb303dd8ba36381948127d44bd8541e4a1ab8af07b46526ace08458f2498850,928e37519022745490d1af1ce6f336f7,Ransomware
7570a7a6830ade05dcf862d5862f12f12445dbd3c0ad7433d90872849e11c267,af8e86c5d4198549f6375df9378f983c,Ransomware
6f64d864d4cdeaa6062e44e34c0969ebdead56edb22e5a2b61c987ca3400fad4,fb0e8cdaae96f5da8f73b3e30af023fb,Ransomware
dc5ba84e57cf8d8dfcb8fb2de6f842786428fc46c34d8a3e02c8119bbd9f7584,a1ef511c6b47307948465fe6e1af6997,Ransomware
bf20b92755cd5c2542cdcef804ee795932cc4b0e070ca6b81ff8fd30908a8f97,2bbb2d9be1a993a8dfef0dd719c589a0,Ransomware
94ef44e3f7be172fb47203eb942e4601f1a96cb4bfd37e055fd6cf39b5db49a6,c24f6144e905b717a372c529d969611e,Ransomware
e589257b8ad21635e0b1cf15b0936f939b19153806c3dcb9d502853525977817,b38580bb55914a04f1701bd8e18512ff,Ransomware
2f2e75affe9217c7211043936678fb1777e2db4a8f1986b8805ddb1e84e9e99b,1ebb6bb49ac1077c5e7eba4d56f6a3a1,Ransomware
a43dab9c34af5a49a2a615e86db3e2bf4c5467853dd5bd4f1a1c73619b683ab2,6ed029b9794717d305103e9eb20a8d1f,Ransomware
4c21b335baf9907cfaec588f25354b804b3d59f3882d923fbaf0d929b933ef49,ee524170a7ffc7ad48afc3a1e7377943,Ransomware
0a40acb8ddbc2ed8f8b703681fadf9fcb2672fdb75d93c150b45c6465cc9b1b4,44ff6136293b783a38c252ee5025dc87,Ransomware
307077d1a3fd2b53b94d88268e31b0b89b8c0c2ee9dbb46041d3e2395243f1b3,56ba37144bd63d39f23d25dae471054e,Ransomware
276727bfacdeba0ba864fd6ccecab5fd0f244576dc503d7cf148a4deb90fc136,58402f0f41e3bfecbea9ca1bcc0f0c2b,Ransomware
90c54543aaf085e00879d4fe98a6dfb8148548f374828d50b6e3ac44668138b2,37c1ee5708d1f5e45cea516059fd12f8,Ransomware
2dd2c201103ac3a5bf77ae7b30d0032ed215f59f883543c816e516ab454383fb,d8a91b5c1b1b5bc4d03913cbbed21423,Ransomware
245f7a3c993a0ecada1c1f8936ea82e8e48812c5758767e5d91db91324bc303a,99c451001b4a530a578952665ec526be,Ransomware
5837daaf4f7cf7280ec0a749e161015c1de39b35fa26710ce7bb22e352725ed4,a75cacc856827260166c52093a40f49b,Ransomware
8e8b6818423930eea073315743b788aef2f41198961946046b7b89042cb3f95a,9d919626f55b47d0766c219ba9b57d27,Ransomware
085105e613ad37808a8db9a3c2ba5561d5d38d5c5c43b469c93d15f0d64af0c1,95f91f236cf95d698d9195690133265b,Ransomware
dddf7894b2e6aafa1903384759d68455c3a4a8348a7e2da3bd272555eba9bec0,055d1462f66a350d9886542d4d79bc2b,Ransomware
34c485ad11076ede709ff409c0e1867dc50fd40311ae6e7318ddf50679fa4049,d30120ccc481a25fcca65b74969f42d7,Ransomware
b565c8e1e81796db13409f37e4bd28877272b5e54ab5c0a3d9b6a024e7f5a039,0c4cbf1cb8e5065f8df8c8adc4f80e84,Ransomware
0cbb472b555d4cab454948ba900675db48b120afaedf246a14d87d970b233a43,a0dd1dfbac4b2aaed94b2065a9c9f30c,Ransomware
92390d8b7dd99a4b03af59b45763c706d5df368761ce9706236e3dac4f9a74e2,b88f005719f4f25f113f749464a28a17,Ransomware
5997f7c46d8860cb07a00edf9e093e21a2416cc508c51dbd3838628d9b46b0d5,8d84df31c8b92febddeca8c6f04c5d54,Ransomware
0291e99acfedf4e277d56babb2783ce0a01e873a42627b4e3f4a56c2a10cc24d,29320eedebbf9198c3dad888578d0707,Ransomware
1398be5280bdfc67179822e32d2d39e3e36afac05f88f3267cc7a1a63a3bdb68,056c04012a484b193db9df09f552c692,Ransomware
7af890c71121d682203be3b23497272f4338cdc27f5af49c41f8275d582e85e1,bf6e423769b1dc31dafc847cbfe9076a,Ransomware
b6b2c1f4bbe4259e0279a0c3db98a69db12ab6ae0b549085c714f1497f3c8300,be47139183c40fceb264c6946627b93f,Ransomware
3a7696a5e89211d08152154477f7d2281cafd814e987f6d089a3ad1c76f24608,056c5445518ad631a67936fe623dfbb8,Ransomware
9a4e6b6a25332f21e4e15bd5c67ea1613db78bf02fa3cef2eba47f27723f8d58,f552f5b23542b6ab3605cc51390b1d5f,Ransomware
d4ab320cfff425eaafe322870539f5c16bfe1be83103ac093f21c1ac5f41e3b6,560d922c519118ccd31e82d3dd02fdcc,Ransomware
40a68110241e86f1cdece1dc5a6dfb72e028b40e8d55447cc3a961341b932784,f0d51246d6655e30178634fee2792710,Ransomware
bd210c5759b815a64b7166aceae471ef622bccdde3b46fc971aa78bcb73f08f1,3797a1dd86bf2e8879d02cfc7c9fa601,Ransomware
324cb383fd7f47c079b162b725215bb4badfd4c0b2e41d330fa38344e59e77ce,26a879b25708d951e9056ba81bb5a6e5,Ransomware
34c392448fc0818278cd19bb0841adf573e967be8a0f73bb42bb367a5835b6ea,21c2b2d0bfc15b3d4bc72263f9db5547,Ransomware
f6e45bfd982d0d6636a4b4799a3d1febede323286f9ae3236487b1d3ce844d72,bec3f4c5aa17a648592e5ae60b96f1f4,Ransomware
6df64a0a921bd65006968d7eb146f7ceb60ffc1345575d39edec0eded41eb4fe,7f97b34a113170d02ff8008c2bbc7745,Ransomware
ab87d234f01b7b659f928ae314a5b40a08fba1aef56ac5a82d2c4e7c599c8e4a,cd9d6a779e8723fa987007dbb0c489af,Ransomware
974d0c7bdd7fb42b242d34e14f548dba464a9b45143ce7374beed1e6cff11e62,c44c0805b948c0332f256b2cfa8a9f16,Ransomware
8d341b6bdc6a7f2d2ab5f2d1444a87bdac59377e095ab3b57296ddf86b08a481,be2898578365cd7b19844ada2cfbe5bc,Ransomware
d77378dcc42b912e514d3bd4466cdda050dda9b57799a6c97f70e8489dd8c8d0,07fadb006486953439ce0092651fd7a6,Ransomware
6b049235b839482091a7f9aa2e283791b720dee4033bf20d98eb1b68561ee7a8,758fc40f13c083475a1525a4656b23c6,Ransomware
a37ccbc6af443239e22c77957975a9d59ab79d1c58e1895f41b57fee993e0eff,af3c4712441668db57b68c1910f71da6,Ransomware
2b51d4d0fe3f4e627de64da3617cb9f62c9d3071fdb81c161a8fba567a207aff,0b8fab2e081301e7ff0d8d9405875701,Ransomware
ce8a3474f1be9d750b5a5d5447e8f66b651d215799c1b5acb261296426542659,44c289e415e4c12b883003082194d76c,Ransomware
49b769536224f160b6087dc866edf6445531c6136ab76b9d5079ce622b043200,95557a29de4b70a25ce62a03472be684,Ransomware
36cc4ec71438170b75be1e74abbeec62f826ae28618d83a0ac9a141163cf65de,6aa38a635e212c467010a2b80ea03b11,Ransomware
a45bd4059d804b586397f43ee95232378d519c6b8978d334e07f6047435fe926,de030d9ae03c9a8d2bee41c0df01ee4d,Ransomware
22709d7884e71cdeb419e81453644edef69f8373a7a676c85c4d85f1ab67be46,79819e72651496d0b6861d08fe827801,Ransomware
5be6173ef3d97650723e229a1a498e6a057fa99b3e8268f40cc2d922f9f9df28,8962d9d9871141e57c64302e984796fb,Ransomware
33f1b0ff64ac9ed2e5bf583bd5195cc4f3ecf25d60be43690a2d88729c1eb626,c19b8a56c9959cc6a30bd6e8dc4bb20d,Ransomware
87bde727af7beabcb4d733a41d258ee407d6e977e78c06a96ba2295431d53c23,f7fc1d813907f416595eac64d7d986c6,Ransomware
6c1ed5eb1267d95d8a0dc8e1975923ebefd809c2027427b4ead867fb72703f82,49eb4afe5b817ed56eacf504c80106d1,Ransomware
5db51c8351fec16e636759570d5ce125cf1f8f1fea8b1e7084da967a66567e65,72b037abe9d3f91c61da84cafdc44226,Ransomware
45a2cc9060b21404632f07ee468d105ccd42075feb680f00d3aa1c20a19d272a,25064c68ac7ddfea8c771e1d8e407742,Ransomware
3e74bf12b68d17b563160b6091c8d84d28cf08f163cafca77152c7a29edfba00,a78fef318182c495b16195707d8bcc58,Ransomware
233437b647f9482a8a3ba51d0af69039bb58fb48609704a39db1f709a0e6aca6,97a449fed7d800a8a635592605ff8a67,Ransomware
b535d4dc180f666de891979e5d9d090c27d1eb0f252423c0b1911f1f0b9fc5b2,35d03057d02e656ffe148bbb2523e0c7,Ransomware
5489562b8793f08bfaeaf4ff2e3d408b3f653f779269b98adc6e3e370ca79c7d,f83ffb0cb4a34707fc787e3a0f36756c,Ransomware
9b5b364a32c759ada38bdc4cbfaad3ed8dc333f87796e27eef52a96d43c821a2,335859768d9a489eab3e3cbd157fb98f,Ransomware
c2e4fce565a99e5bad9e3be74a940c4b272a0e1d89aa7cebacda30d0e58edd2a,6cd8c244c03a5219c12709ec1a74a58d,Ransomware
dbf0b7ed54f95802d589b2642b3d2cc7ae2e7f0a702480d49afaad1afae4042b,654d4156385fbca5136e8634898d471c,Ransomware
ba9af4a25b32402f64a7b2c2a6e3ce36ee29eb1790186be1ab83bf60841e1d52,87ac8c14c76a7c240fd7f03a847ac3e4,Ransomware
dce6c3f6f356f732d43ba6d44d14f71b4e97f7b8057c0a10b35aed8460fb4eab,57b27db3f8094c6732de31e8619403f2,Ransomware
9c9b76b13f64015e65a489b7f42491b92540a8f26885f6b9b22b97ac083bbde3,0e679f89baac2d6746f99a0cac03cbb3,Ransomware
8e6fa9080a9558a6c0cd83da765e87b2125a0a9093ca1e76e510e324e9c54222,30adeb33df15fc9c0f4294850f67c0df,Ransomware
338c8ee7311ecb162958e309f3459c09ebf8972011de7715fe17179a20e1c2ce,939e11295e27ca4c7d4a34d42d3a8fdb,Ransomware
52715e3681686f1239443bf9e63fd1b9ff3574cef23a70d4f004b6b182203e1a,fd5b60bdfb6cf02b70e355da0cd480d1,Ransomware
5f4d8d2a980566724b1c3ec3f6722dda43a24dd395412f32f94feea8bb806d17,213318390c94c2a78ed76d7c19b32466,Ransomware
38da8fbce28210c11fbec12da0f3b4d4b233b46dd1510778122c51dc5f70f697,849945bb1d222607446c7a917f0d935a,Ransomware
a89ff5da7c1c949768bd1f83fede6a02363ec8082b057aa34ea627d4ac81de8a,d840bd5931256bc23c634fab43dafc3e,Ransomware
5f57eb74bdc82cff74875087c7b7e535cba2cf7b08bbb4cefad986287f95849d,e8ccee175855a9dd59ed638ea42d8b65,Ransomware
78ad3f7666f077021054f2ea1e8b2ce4349b0b233981100a7ffee50681484cd7,3f61255bbe14bc3ecae46c0c7fb7b6d0,Ransomware
bfb9db791b8250ffa8ebc48295c5dbbca757a5ed3bbb01de12a871b5cd9afd5a,e6b43b1028b6000009253344632e69c4,Ransomware
90315b1fa493435f317b54c2faf80391cac02cadc4c9f97c4172c7e5470f1969,ef4c12c52e29db8b81aa1fc300a5c5d0,Ransomware
4e0f7f76e731ed338ad70fc099358857258515bc80226fa0a4700404ef91c491,4da22af1fa9b965a8fffe8cd4f3eb191,Ransomware
329b3ddbf1c00b7767f0ec39b90eb9f4f8bd98ace60e2f6b6fbfb9adf25e3ef9,78efe80384fa759964c9ea8bada3ac8d,Ransomware
3d34a1dd4ce728dace0214592dde9e6594b8b5747fb3844981b71b2ca601d98a,3beb48086d977fb0dee44c4f38e1284f,Ransomware
3bb9fb8e6f269e4312f10669b64636b8228ae92d2e60b7460de1003ea24a1b3a,6b8b7aa4f399198acfaac3ab4bdace00,Ransomware
88b1331060f87fb5e3e2afd35fb1d27f00c68e037c56e10f825c220c1ce97434,2c24a4ff4b852a444932a2f6a7ae3cdf,Ransomware
44136c10d998dccfa03bc3b617e6c6444487bdd4c709f5b75ed2140fe5f470cc,b076c3232cb536f172cebaf73f7f430a,Ransomware
8c3d8d288d56f4db9d853ae63d2ca6a1e8846dac9a81f00da7352e17239b0044,b190880113f25d1bee6cc6343c98360c,Ransomware
f0d31250d3ba9430c0e38a9fb626cc3ff4b10e05fe6f0a22707a6757f74f22b2,12b8ddba38a1d564a4a8dcfec57bbff8,Ransomware
256456b2b066c65d54244785a2045c09ca77dc691493f22363482fa225600aa4,bf614d3409f09a1ad3c24deb9787ceb7,Ransomware
dd5acb7be06b30114b942f3aad28b0a27620378b2146230ef99994a6604d87db,35f80d11dfe4ffbe45de40f7c021e2a0,Ransomware
ff51edc34eb4194b19e69793c425cca6d6ecf841b31a9b38545bf6c586b37c42,a665982c0e3be57a847fca38106498be,Ransomware
28dbc28a9cc80258bbc6d96c50d7d1b55da2c40b219323375d3113b29a11a138,3d108be70fd0e6fd4638054bc7064f7e,Ransomware
d3e5092f8a81208947a4e9bd1b397d7a681802316d148f950c4184efa1946e31,d71f3e680162d948967f8c1287c0bd34,Ransomware
e5b246094eac60cef4b7d3b449178ec59de0126e165a5ac4e07815c84c3e2929,a27711031d5d24a79e75dea9d8e92d74,Ransomware
e3d71566b47c005f08e0d3d287cf1fc4cb31f65bc54a44d1ec8013d6ad318bb7,30388fcc86993647046a2d7ead091135,Ransomware
ce093ffa19f020a2b73719f653b5e0423df28ef1d59035d55e99154a85c5c668,0301296543c91492d49847ae636857a4,Ransomware
ecd8e9ed858fc2d170b243352ea0e8e16e87d48d5de04f8de5f8f6e1026c76fe,86a99da3feb0496916922bdc97944c81,Ransomware
06bc4902e0f44eb635f4e291f97bed748fb4514acbc3fc14c3c5bbf195689cb8,d83c9e9015590ffd063c583ffc855c30,Ransomware
4b6ef483991fa07850e3af17809005b6bf52712ac7b50ccbe680f29dc6ff3c78,f3469fc5ab110352e3073680bba19acc,Ransomware
098aa02c6c9dfa8b4fe8a40e0aa819ee73b834ab2058051de80c4c530534643f,bcd45ac70b58522404c3cff77dd021c1,Ransomware
511df0acd07b52089c67fa99865af5f7396106752d53d3b42e47e3e369974426,e6fc421705f79770bd4844e18d87fdd7,Ransomware
4842ddfa8eec84cc885044bded5a33918037b52d6a294398502a1330aa6b652a,393f69f447615692621ee9a2f1d4524e,Ransomware
c83bf900eb759e5de5c8b0697a101ce81573874a440ac07ae4ecbc56c4f69331,cf90a464204a926eb549369ac7bf9bf6,Ransomware
86670fbfdcbfad2bb774efeb150ec3fde4f52d5b1e3c42316e0a1fb0f76761c2,d51a917f2220171ef10b521f4efed35c,Ransomware
76434f31095e05944ab0c2fe0465037efc4bb585358309e4a2387b97a4abc7c4,cca155cf2d0ac6ad5572f53b19d67839,Ransomware
4b5fe7497864d07f78af15fa3e1aa3702b303b89f9644624871d83dd0f484749,24275604649ac0abafe99b981b914fbc,Ransomware
017b236bf38a1cf9a52fc0bdee2d5f23f038b00f9811c8a58b8b66b1c756b8d6,125923ce61dffa8276a2a77e84d2832a,Ransomware
e483229728bfc03fd0a58d71d5df34bc340360374fa16f5b6f9acba30304d0c8,49e9d9e34f729d85cadccb2ee8163798,Ransomware
5fe9d5029550e3e4c3101945b39311b73bcb91e10ba8d68edb9d1c7c8a13fb29,7f36a7e451a18d37d56c5f49fd784293,Ransomware
d4369262b0f74e13c652162343d6edfff7c696a480bc447731b1171f0b41e7fd,7fc9f0fba08b7633cc9ed02b44ad24ae,Ransomware
4dade4e22ea6cddb7a2f6528ef1e0c636b87833b14b03a6e8bcc49ac9f895e5e,3399549da23c4d0db938e31db463de93,Ransomware
3a99fc405bc3f694acf862883caf95687ae32ba5002a7ac1aaf5931ec1895f86,932ba34b0e7033ae4d111cba6e0cc37b,Ransomware
416ccd0f8e1dc4b7490827f9ea5d501d414faa959596017d2d22f8f61428dae1,44e22b9a041ed730d109f74597abbdcf,Ransomware
a4552cb0f9bf9c8fe34a9556e588e0517465942b63e91a78f14b5f59d5533d62,2142af9956ed8eb3a16f65d4988cc647,Ransomware
3bf821f05397bc709a11c60b19c8e2311b1547dee86893c94f290878c8864193,4821156d571c80b05e5c26ef4e709f88,Ransomware
b3167acfa58265b6c8c26f98ed6a4b9e2ae51447b25a50c3905265c0cbfc38c5,2eaaba25ec7a950768a5e54c3f25bc73,Ransomware
2a035af98048e744ace980d7cea7ab1a712366e1366f15c3cfd78639e3cc332d,d2f97cbed74deebdb90cebb2e0157a6f,Ransomware
d0db9cddc41614fb5ce91b4d5ad6d059429cdb67d41954a0acf4f01b84ecf6ce,7965c79057fb1180a12e062149e9f751,Ransomware
bbb95d84ad3a191568a5379da8f4e2b2e4e9034d9d23b3cefea5299917450f74,f8b7a64d718b3f77fad8704ef83f1aae,Ransomware
bc9d61296a6324c766626bb0b0e858d3091eeea3cc3af56e3497ec44e3f19a90,49e759f888856157bf5b5c962b80e6eb,Ransomware
1f4bc361329e51a44c86b2d592d4cbaf74c90d7fedf7f8e6ef6f9776e5912106,9f0f3748245d87dd2c5d33bd792dc916,Ransomware
ea19633a99460ad483a14f6bfc0554f19367acebeb090bd37b43b67ca6ebed41,e4b3a3e2bd98c9adbf282e01b63e53ee,Ransomware
b0fbcec8c22a53492e24e3cd38e32af4f2d3399b1ef71f6cef6d58bc692957f1,6c02819d4c8f9dd920e0368588e65ccb,Ransomware
d2c2702cb2dd37133f15a9e2ea360073c5ac9eb6b2664977a2e21266985ea224,9b97d5238e82c166b52539526cce0dcd,Ransomware
abd588d76d00b02c96389c74527043e707f68ed1c99a933d016bdbbcd25c129c,cd9d227fc2212d787e89a902ae032360,Ransomware
b721e121d0657302f7e8d790d107e512f5f726ae6a827cdc960d3a838825906a,1705bd6b4c7a2fa4a046c5a7b2a0a8f6,Ransomware
00b4eedbb85d52ce1a691501cbbf4587c49c93906611268a75ac547337c5919a,fe7309a68b25e4f0c84561ca4bab3974,Ransomware
f6c3a225383873e0d278e419b531ded61dab33208c77b8946183c51ce03cc32c,b1afbb2e8282b1ce0aa854748037fdb9,Ransomware
a81d350afaf97cc038b3f20b46d4757150d7854df5e56780326f91bc7d4fd215,c805528f6844d7caf5793c025b56f67d,Ransomware
69bd331c4855ae99d2fb5a727b58095b9bcc426c31760fa4f932f2af50f0203c,efad2af60ae5f2a731e9909ef2428f07,Ransomware
5fb7a496e9f7907ca6629b3aaa93a6ed5b4cde34e558d7c3621602d9349cad80,f78753a7d0ee3b1e9d4e2b8965cdc50e,Ransomware
b0d40d54b6d1eba59601e3bc381aa37a5a8127013d3f2afc115c325aecab27ba,538219b8fb23f34530da2650af6cf411,Ransomware
0bd30fd514c0ba95e84d21afb8d5a59ef0e27f3a82ee6d29af7178dfc371ec57,69e597a25f5d356a822a6d3899312763,Ransomware
64d341ecbc52f9d78080bf23559ec1778824979dd19498ee44032ec1d5224ff6,2d351d67eab01124b7189c02cff7595f,Ransomware
1edc828da884f2b17544ba6609f55bba3c950093528a5e857a23be8ae78fcb36,faebc8605aa6ae0210b3d7332a4085b4,Ransomware
60ae6bfa08d3a76d5b4cc7688871531c7bce2f73e3d2e980e9cf03b62e34233e,b8b7aab302c17d1d0240c4e16ab24871,Ransomware
f229475cf917150e0b13b02f20f1921fe047cd1527a0556b94807c72cebdfc97,5eeb815d337c27649658a696edbb1592,Ransomware
45a378dfed22be8f90961877254497cf42affb28367a904680cde7f92fccc243,b4fbc99275f1db5b68dc6fc76bac3288,Ransomware
76df33f1f8f31c6771cbcd478bfed53a67f039e64e4db4979865f2fc8bd6f03a,a330174ad4184434d3cef72484e41bf0,Ransomware
465f57ff96a174eff06f982b2b3e398214fbdf19849dacabb2e3d1a62c3aaa75,eeb78e6641dfdf8df00bfc4f572a6a17,Ransomware
9c1ac77f687ad2bfe197e4a8f2b969d7caf4f8ddb707177b9461d7e74879ae33,cd5866f5118ae8712ad9cc66fba3df4f,Ransomware
1791e9d01451f953e74249019654609cd33c2ab66e97f2ed7a609e99f9ce8320,6b054c8d851cb5a91afb6a3d5bc57886,Ransomware
64ede667123138343b6419c3af54e04ab8c51800ea4bc2ebc89df894a9192c07,116f5d83aaa59e07431f292e4bb0a95c,Ransomware
1164e122800fda5ad79d422710877fd9767d44a15e69f3c28e9563ff3e752157,da301085de77edb94e279c81bcbeb65e,Ransomware
5031cc5f35470eba6a19978c0ecbd6b71ba5a5287087331c6ae1054137b629ea,f867b75719136e42977d0f80e09613e4,Ransomware
c29c545819bf556787d920164c5ad6ae9da655c62fa6b9ac2614bea4823e208e,b3c70a9d0c3fe47f89a0ed6a4d7ca9ac,Ransomware
0b6e1343a2731908678ff352ac759a147f11a86d3f2481dc21386e919a976103,b104b2824a3f30a1f842432151ccdc9d,Ransomware
1e8e8e440cadb082cff90fecfdbaebda68160a41773e5f70ba71460110dd16e5,96ead54f6aacd7c40e2d060cb303fa83,Ransomware
93fe4c0755a3334733ca1aeda854458ac083eaffe310421c8c2e2e18265aae3b,809246b4609d6f4db459d5d5c8de99b3,Ransomware
6e2cd690a66f2a7bc03b2ea953ee4cf7feb28e28e148642ae7dba8f4a8bf136e,38dfce406619531a931cedf85630892d,Ransomware
141c1029d3a44625dbca07357d78711dc4f930858abeccff2edec092efbe9f8b,a043ca4203d929be8a868c2b54c1653d,Ransomware
3f82673c5bebf4a1c2595cb052286fac41ac41d8280b3e15d098e764c98f2dcc,51228f70ed0699ecd99d16abff1050ff,Ransomware
4b6db1a59ce31c78b9958342e6315a2d40e9b078747def487b9606e312cad630,9f1aeca41d2da7ef2a441961077474f1,Ransomware
4f238c7e73db474d3eefe101a8fb04099da84ed09d79948a484552eae71a1d07,6de6bfd85c22d78bce91afefea53ea7d,Ransomware
6cf51b6cbd93a9a90470658bb896a2010e40e65c412c83404925f5fe8d2ddfc8,7fb2df4c9bf5d63c6bbb6f93fc4cd7c3,Ransomware
b2419aac70d3035892f8225bd79da96cd30aab0f331e125270ab86bb63f1a2ad,8a39f904892d4d674085646ca7667769,Ransomware
24b6a4ab640619edb4c457633d0644aa379ec958a9d9dcf0f07f374a7e53fe05,0747f37f28248967c243f004af3c1dd8,Ransomware
1554f71a718baea1c04d9d1cc8c84d8aba5adfbce37566d397b57fc3c8378806,6263e045e3d77b06edce6a240740aed7,Ransomware
dd320feecf526e20968e9c62648ace610eb9ba57541b937fdbffffc6a96a59fa,d808aecfca5ac7c7b84ff13665aaa811,Ransomware
4c121c1cc3d2c69e3077b50e87477d7db27ee72770231ae6c9d573e6fcd75ab7,bf8b62dd1c393ab8516f8508c9728be4,Ransomware
ab14f462141fd6d559fcf50dd92e7c7571a6ecf8986c9be7af85baf8f025bbe9,68c2467e6868c6918a82b7d91dbbfc2a,Ransomware
d781282fe08b3d2d77182bd1a51f54027f259ef44425202317a630632576200e,68eb6aab49ea89d180a8f9e6129b4fb5,Ransomware
b3503b3ccc1d21662c51075ed45b45f52a9f360826bf15a0655dfa25c7594e44,528fcce5f36c2907fdcc1070b12a3920,Ransomware
1b6a5b2f2a6c23f7fb1955fb3147c9860414f759aa9c3972f99b58a4bfeec55e,49fd537146b8aedd78d39aaf5afea254,Ransomware
7655c5d4d4a19b39ca249667b74f03b81c41fe6177d8eed50320e553be264da9,7f2ad1d3daaa55364a152c2de7e817eb,Ransomware
545662ab4664c7f53a07fe08acabc621549198bdc37c8837ba092e50469d714c,557159c69cada1e24efbb1c404536c43,Ransomware
1af129726e9594c9d809e9e06f0a693a81f079217d1fe13e616fd7b7702a7f5d,dddcb88db0a3406007131fdcd3a3f6af,Ransomware
26f410656c8f990f26ad3f78cb5cdbf983dcc22cf13c34b0f441ceacd25126ad,aa47d29d61bbfd34d1e0de592bf3526b,Ransomware
57809da76e6331b7661c93e33c3e3060288a44e228a9f8d047042d06ce025878,19d9f9f3ceab7511f29fd0450ac76002,Ransomware
9e9767d7a2b431e1d73b191eeb6a239b6be9c20dfca8e2805cceff1d77f12673,91001fd1d49f3f1356aa6fed9f3e936f,Ransomware
27d3e4db70a4947d13b65667f4c8815a042f3a452ce2c58bbac2f44e9700795c,e52ce755d0c8155e8a5764a03460525e,Ransomware
af91835cc8d20744eded46f50e68742609de8f60754456ac047f0cb236959d91,d9103c6406da56fc947302105ba930ed,Ransomware
098aad386b0f549cefddf2001dba9f31f40d88a3618cd3a8d5589b4b0b467342,da66cbc9ae879173f9e38d51a2cffdb8,Ransomware
0251d3e4eac3e2e30f8648c4f366e525bb4f0b17b68bd677da867ef906653c31,b1102395a4ab425c6bec9b04bae14264,Ransomware
ad4c0c2aa1ff6cf57a3bbc64e49e07b23573aecea8204f78ca820fde717575f4,25fa399f34666e6a992f8fb8640f3b31,Ransomware
e01cf55715864d062d94a5b37c44cfb00ce2740296b76356346bb7df88e7951b,314aca92589c7c35d5e2f9dcf8107178,Ransomware
8022060ef633e157518037122a6003813cc0a3066d456a1164275a211efc8f5c,a27b6bfb8e6aef454395cbab2bdf7cd1,Ransomware
95739e350d7f2aca2c609768ee72ad67fcf05efca5c7ad8df3027c82b9c454cf,69bec32d50744293e85606a5e8f80425,Ransomware
0e66029132a885143b87b1e49e32663a52737bbff4ab96186e9e5e829aa2915f,889328e2cf5f5d74531b9b0a25c1871c,Ransomware
15a7d528587ffc860f038bb5be5e90b79060fbba5948766d9f8aa46381ccde8a,c0cacc5bf97b854b6025fe0973dc076f,Ransomware
0f5d71496ab540c3395cfc024778a7ac5c6b5418f165cc753ea2b2befbd42d51,5f504bb22471157aafeb887b4412b5de,Ransomware
cea3e8a3e541ae4c928c3cd33f6772f1a69746393ac1a5c4575379a09a92d1e1,a7637dfb6b9408fe020d9333d0ade6dc,Ransomware
c690148b6baec765c65fe91ea9f282d6a411ae90c08d74d600515b3e075e21b2,a8e0d56f8c67f1f7b6e592c12d87acab,Ransomware
6f298bdb5dbb71a11f826d3501f5bd7ac14f80ba02bffa585dfde1c5ac589082,978221fa6f3281f04f30aa8812e8cfee,Ransomware
bcbdc1bd464ba817632f46bcb5c09a2012da859487c61bd4dc51bceae54512c0,717f366b354d1eef8022ad7edbffd387,Ransomware
0b856337d9d3255fc3b07635fdadecbe83e23eb5c205eccab83c21c2fb76edc9,ebe673b2ee28dd65565f2f389279ac47,Ransomware
d5ea463e0719ee2d1705ff305cdd8529bd2ff23dde79c502c4f478937a91f874,b3175331ae74ee277e94d3e0bc982bf4,Ransomware
3b52db44c2cdd8adfacb906362837ed449e96fcf761de4b1f26388b66b6edabe,ef4a5d286011e8cd66514fa07ac99a29,Ransomware
0a937d4fe8aa6cb947b95841c490d73e452a3cafcd92645afc353006786aba76,5761ee98b1c2fea31b5408516a8929ea,Ransomware
9feed0c7fa8c1d32390e1c168051267df61f11b048ec62aa5b8e66f60e8083af,63dcf75ad743b292e4a6cd067ffc2c18,Ransomware
6375e7e4c7cdc3f96afd991c4dfedd5cdfe4b31bf0662dccfa703c117e951f71,927426bafb84fe8daff84cff77258e0d,Ransomware
43ced481e0f68fe57be3246cc5aede353c9d34f4e15d0afe443b5de9514d3ce4,7f0312a1f928c3aeab672ca8d5afc6a9,Ransomware
0845a8c3be602a72e23a155b23ad554495bd558fa79e1bb849aa75f79d069194,33228a20a7e985f02e2ddd73cccde729,Ransomware
c72dad61e0cdc9a5f49290e9c07190fff2f501f3a08ac34a7a47db27fa5008e6,ff0c0bd5b0cdffa79138f1d81d59431a,Ransomware
ed37bb51af01647fde0a5b04a401fd278eba50cf2d5d0678f86227d27aecbc62,e806d1194873fcfa4e31726710b75405,Ransomware
2b8117925b4b5b39192aaaea130426bda39ebb5f363102641003f2c2cb33b785,9630654d22356e5ac56bd8ec8c7b690d,Ransomware
26b6a9fecfc9d4b4b2c2ff02885b257721687e6b820f72cf2e66c1cae2675739,207718c939673a5f674ce51f402cfc06,Ransomware
1ef9b4f6b4eb3db7eedf738a78ad15db798d397648b5064990c0a01c0da8a125,f09138bf09f3ccb46e41df3b83c09fd7,Ransomware
256e2bf5f3c819e0add95147b606dc314bbcbac32a801a59584f43a4575e25dc,d5c5558214a0859227e380071925ee58,Ransomware
13849c0c923bfed5ab37224d59e2d12e3e72f97dc7f539136ae09484cbe8e5e0,265d02e0a563bbdbdb2883add41ff4bb,Ransomware
54664bedb8b1e8e5a05a60490739080c757a234a71cbee0917f1bdfde3c95b97,ee9e9d6b90c5df29a52464e977b566ad,Ransomware
f7c432afe20c31ddd75dbb214f1b7aaeb400d9d17da6d9e3c0d7cf1dd38bf524,59fe569fcc6b84aa8e8e74236fc8d8e2,Ransomware
1e3bf358c76f4030ffc4437d5fcd80c54bd91b361abb43a4fa6340e62d986770,9fe9f4ee717bae3a5c9fdf1d380e015d,Ransomware
0f178bc093b6b9d25924a85d9a7dde64592215599733e83e3bbc6df219564335,1fbef2a9007eb0e32fb586e0fca3f0e7,Ransomware
1d30c8ea61630a44351f29b209813275b5077a637a571d888e97398f8c24787d,0c2246bc569ddf7c9e93ccbf87aeb397,Ransomware
166aed80bc00d55893d777524235bc89680c8c8192762aff186eee89def0062e,6586ef47dc8d1450d5f4987e5542daa3,Ransomware
e8a091a84dd2ea7ee429135ff48e9f48f7787637ccb79f6c3eb42f34588bc684,f83fb9ce6a83da58b20685c1d7e1e546,Ransomware
4263eacd358d5ef9efacff1f63ff79487639136c0268938755a4bfe3f5797167,61b32a82577a7ea823ff7303ab6b4283,Ransomware
4e2554b448424859b508433e6c4a043718343febc7894a849f446dd197b47d1e,90c0d9bae24b7101eb934b5e4ad2e4f4,Ransomware
ac457fc7c907ca04a4aa2e243d4b5120c58d338b44771c84e0d282d625d463a0,7f152df418bbb484337fc8ed1383b27d,Ransomware
3885589a3c94d0475a6d994e4644e682f4cff93f8b4d65f37508ffe706861363,248c960c1ae54103dea5bfae924f28e2,Ransomware
d65fa9ed1220cfa12d22239ca62a4b5978bb613090fc1dcb0cccdf191151d125,391370b48b8f64f86c628742b03de53a,Ransomware
f03172bd32ed16df6dda8e8146d24b073b864da59d669218fcc5e97835a5e956,979723e1ba053b0c3470314471ab99d3,Ransomware
0b997e8b0d0ff6cc4e6f1919c6c0f3080eaa0d08c8fccdf50f7648bf05cca446,d458a2f85bc1330f13acccd63d88d015,Ransomware
b5475975e30be3c1ff6c97d148def1287dc3a0341d546198df85dbb66c1b6ffa,9f14040a8875531ea00aa6f5aa90f218,Ransomware
1f2c57feb6fcb80fe02d53778fa7c6b3bcba0319229fe9b9ff725a24d939c2b6,336e11346f73a09b1a7e117fa2542558,Ransomware
3f88affd9a69bad96f8152c87654aed50cc7a49247f154d503cacbdcd53ba825,d9736333f5abddf50bc889402e788f82,Ransomware
8642770995c3663ff3b46a3f8c946d38d475c0a2373c281aca3fae221c430ed5,ce35af5edb5d81a7db601afa189e0e37,Ransomware
71b46e95fba31267475537a338f49ce1cd0bc56c0f15346b05b673051cbe90a8,8f7bc58c754d6fb7bb0b31fe8a5821e3,Ransomware
34c1121937c35b39b654428cf3fc6b16e3e2eed03c1ccbcfc77183d1749ebadc,25a54e24e9126fba91ccb92143136e9f,Ransomware
161c471b0aaaf0d7c1f0267ebb837e10fb8c5edfe09b0d00bf2472820f413713,c75d77ce6144a284bcec84022a5d1166,Ransomware
6b7d70ca7d02133afbc24eeb585f2921bc35c01b23b90a66f515290c49cf0952,a53e1725d0d8f8c4616c625e113d3426,Ransomware
d7d50f809a7808ca53c4430d484bb100aaf9c74c6c12080ff888b8c04212f405,cfa6070ae2761549ee9382e9a458330c,Ransomware
7d9c97a133997396b0625a5d2b762fb8b333f5152d4dd893c7a463cc41372ab5,891671a3dbedc9f31325acd29ec912bf,Ransomware
4ae6519e0d6a7aaf9b684497763257e3a752ef0b31b4ba31afb9aecd1af59d9a,c5d5171d5af7b55de4056c8ef928b6d2,Ransomware
62b096449d5dc6f876c43e48d1c27a63de0f75e70279f811b5c6ba18f9126f7b,9d698f5fb023c21b0629273b0ef42594,Ransomware
8710ad8fb2938326655335455987aa17961b2496a345a7ed9f4bbfcb278212bc,ab7b66ee5385cb473b9c15db3e239692,Ransomware
0c0c9a19db1f89d94ddcd8af54fa631798e3ccc82743faae6d9818759f2dbcc1,8881f3e50b9f1bcb315769e24b76a3cc,Ransomware
c6960bb3329175489959ec95de0a83a3bd5f206f8cd7f46633e34a0227973d0e,e76c5a5f3b8f69f6b390b812f24bb9af,Ransomware
0b4c743246478a6a8c9fa3ff8e04f297507c2f0ea5d61a1284fe65387d172f81,2c73b0bf6f09566d5edfd98a8863fe08,Ransomware
1e3d1dce864ea7544e10a2758f11fafacd39a0cfc7022e3493d6a25dbaffb6c3,6aa9acfb386ff6673ed8bd77c459ea5b,Ransomware
34e1a82f7334c825aab19a21d94361c3225ee8ad9a2027830aeea7d82f59ca15,5235a9ab9fdfb520489032bf44d1f8ea,Ransomware
03bb4d5c0179fdceacc5df7645e6e7fa93e931ac9beb1968c7bbe40ba3499194,5068299bd1c804caa83b589622f1b2b3,Ransomware
928aca01498ca60e1dd3e263c462f3a04ef49b91d94b566293e8edfbc54fcf13,f8cd85837b695b2689a8f3dfb67d415b,Ransomware
43f846c12c24a078ebe33f71e8ea3b4f75107aeb275e2c3cd9dc61617c9757fc,4e93c194b641d9b849f270531ec14d20,Ransomware
f1e3ec3fe9b4347019a298a11db3a2c357e91b61b7152dc28b4ecef57968dbbb,c103ec06780900e31e8f2b7eef87367c,Ransomware
fe1b479880db7637fc96d334f216e5e966879a77fac1b85d1fd892a050fbe638,760b7e6a810644e590d70673b6f5e63a,Ransomware
cc43fc18d6d1dc662ad747652cd961152ee13dbf2cea9bf75564f3e2e8ffd2e8,6c8a41af3344dc63c4a21990f11b4e96,Ransomware
84ad231f0d74cd4bed8da0fbfc6801fc77424ee74a560e0d3175aa37b4ecab23,578244d3c1afbe8009f04bbc9eb54076,Ransomware
ef2e0cc0c05fb633f539b333d88842ebef9a357d790fe1dd3cb28934be350d3f,4230714977f5c09548b175207a2dd19f,Ransomware
c8d9a9758516d5a8936bd3bc01a9997fb677ed1dc54081caa985883935ff092b,715bb8ece6c740ab68a9aa2f4eb0aa04,Ransomware
e165b3e962a2916ed4693993f1911c04b18fcbf7fbdaa824d0e57449da4e4099,a6b6c9f529bbac5973236d91a65a80a6,Ransomware
f25a3e2bbaa9bed0210adf5bff0bc5d76fbf44e09ae4bc22e40473814a6ebad1,e8a5392f6773a3cfda23fc0b9ea09749,Ransomware
c21de9109580e03f0fc0a71c10bfe2923927eb0dfe748bea47d550f1fe7f1715,c3ccde9c3fab53d5c749b2186e997bdc,Ransomware
d50b23e12c661bb78fa3cb317e679fabc4178600048572368bec173a520e4aaf,498ee5cf9c611ba7ed2379414d0bb010,Ransomware
33d32078ebe0c9429e405fdeb347dfb1ba5543e61d1179d13edffc7943b57640,003bcff6e2fc2dd692631b7461cc516c,Ransomware
bc3b5ef9b1dc2f1b6a23b138c4c7b047479d98dfbdf216097c08a68c2f771732,f7352e7f837f64fb08008a0edcfe5261,Ransomware
55c30024aed833336eb4720a1a4a40c78496efb27b3c4d5c3f1d1b5935c12715,4ab785bba778bd582b33baeac2cc9c22,Ransomware
3c4ad3e800eb1b6e313b86f527ffed41f34e46221da557d611b55bae2ba46588,eb14be4fd9a7176478dc4bfb1be2cfc3,Ransomware
231bba5652f6fbdbab3016362fb7925fc4e4489fff5e6a4a98c37fba5bd0cfe9,b2f083ee365141030c49ddffc325f6be,Ransomware
9bd421c6f7f7d8278036944fcad3e04db408619678acf1b2024ef69d85c3932b,9e79576cbd90a80fe04a8f4afa7cbece,Ransomware
5a96b929383817aa298eec8cca019bcd984fcd71dd8ee353541392c1082756a4,a6092621b7db8dc1f2c1f93a9a7ced9f,Ransomware
ed42bb9e3f5959e3d58872874381d92e50c601cd1be46effeb3724ff19eeef71,4124caf1406e1cf408a648502a51df86,Ransomware
f4db61bb14a7af406c9cfc33075c6f74ab711bedf1e1fd6edc4f524bd304c1b6,25e0c92a4e1d058d5a04089efe63b290,Ransomware
b54d6dc708eade0818fcf91e59c7dbe37267abbe43a1672fb5f1c126e021ad7d,dc09c3148ba09028fe0a43efd287917b,Ransomware
9704a4959ec0edb5b82732944be3665e80ed974dec17ab401545ee21069da08d,8cffb643c8773ff71c8879fe20074f71,Ransomware
2dcaca208625860f4eb114af4c4158368284eb99c994793d5ac66d3af654bf5f,14214f7904102bb6747d0e31a50c08d3,Ransomware
7c2a9bae3bbdc9e38516754d76a192d6a3ce37849c06a8a8d3b06fb7f75916c1,e3d064afc3476b131db81cd483a5c87a,Ransomware
4d30670f6311dc373dcbfb5bd93cf1621b1d6c425c8c9a95dc0a1317d0bdf648,cebe17fcdfe9daf1438d2ba986fac811,Ransomware
64cc071973e05ae577f32bab349fafb4dba96ba9b8cab272aa5cd9d6074e5a39,95e7597ba1d699b8f6dd5d4c9ed2efff,Ransomware
7af61ce420051640c50b0e73e718dd8c55dddfcb58917a3bead9d3ece2f3e929,3ca359f5085bb96a7950d4735b089ffe,Ransomware
ec35c76ad2c8192f09c02eca1f263b406163470ca8438d054db7adcf5bfc0597,7529e3c83618f5e3a4cc6dbf3a8534a6,Ransomware
04c9cc0d1577d5ee54a4e2d4dd12f17011d13703cdd0e6efd46718d14fd9aa87,574f3513f6d7e15f102e82e4d35bf164,Ransomware
b670441066ff868d06c682e5167b9dbc85b5323f3acfbbc044cabc0e5a594186,00fb3f27bccef7c5658ff9f5ce487cec,Ransomware
9bdd7f965d1c67396afb0a84c78b4d12118ff377db7efdca4a1340933120f376,6171000983cf3896d167e0d8aa9b94ba,Ransomware
041fd213326dd5c10a16caf88ff076bb98c68c052284430fba5f601023d39a14,42c1ec152ed11f21f394f1c6982c8036,Ransomware
68eb2d2d7866775d6bf106a914281491d23769a9eda88fc078328150b8432bb3,6d122b4bfab5e75f3ae903805cbbc641,Ransomware
1602d04000a8c7221ed0d97d79f3157303e209d4640d31b8566dd52c2b09d033,3dabfb99101821ae0e89389a9c9d28a5,Ransomware
3bc8ce79ee7043c9ad70698e3fc2013806244dc5112c8c8d465e96757b57b1e1,48c0edeea7a6fda6646c3cdb9630a964,Ransomware
63096f288f49b25d50f4aea52dc1fc00871b3927fa2a81fa0b0d752b261a3059,0fbbc59d4fe280a55c1fb6f5502c1e73,Ransomware
30dcc7a8ae98e52ee5547379048ca1fc90925e09a2a81c055021ba225c1d064c,63241a7a39692f90328a72c0e9826afd,Ransomware
9706a97ffa43a0258571def8912dc2b8bf1ee207676052ad1b9c16ca9953fc2c,24b354b142b5046263e91170db92790b,Ransomware
3b43751ed88e4d1f82cf52ca2d4477e3e35c35f08c1b4e3ab21c80720601e804,439ef1ddf569a7d6a8280a229357fcfc,Ransomware
cf5ec678a2f836f859eb983eb633d529c25771b3b7505e74aa695b7ca00f9fa8,8d986c2f6a23ad4b1624f6e3ee55d3a2,Ransomware
e1957024039b0e48a15c27448f19d4df4f0e4666f9ac34e7f4d42dd3c32e15ed,73484468ff7f795b752f3cc55453d8dc,Ransomware
c2bd70495630ed8279de0713a010e5e55f3da29323b59ef71401b12942ba52f6,f7c48ee1f3ee1b18d255ad98703a5896,Ransomware
dd5d4cf9422b6e4514d49a3ec542cffb682be8a24079010cda689afbb44ac0f4,1ee5456c1226affd7b72bcdf3db443b7,Ransomware
d91f951bdcf35012ac6b47c28cf32ec143e4269243d8c229f6cb326fd343df95,0e285f30f30dedd812295d2408f4b84c,Ransomware
14c8e3f1f23d16c2c9a4272cd05d00461d27b372cc5f588b4bbfc6102bbed708,b86ad4241b01376b3924a380f6f4c934,Ransomware
5f56d5748940e4039053f85978074bde16d64bd5ba97f6f0026ba8172cb29e93,890a58f200dfff23165df9e1b088e58f,Ransomware
2f00cd865ea857a2d9d399385c408e99f9daaa1b6c193f2195393bd459524b3e,798673f7697440af57c30e12033d5608,Ransomware
9f256973ee6ddcd3d781761480c00220a140fad833dc9a6a085f45c419d1714e,cefffae5b88b714dd237424055c2ebce,Ransomware
15ef2d6ef402a46165be39d9dbc0081cf28ebca0f407306dd80ac3a73a32c07b,b572a0486274ee9c0ba816c1b91b87c7,Ransomware
e9e5459e32521a8ca1c075a96d3358337919321f5d149fe3a8cc5f6f57b33923,0800618cde0d124c6616ef384fbe1434,Ransomware
12d8bfa1aeb557c146b98f069f3456cc8392863a2f4ad938722cd7ca1a773b39,2075566e7855679d66705741dabe82b4,Ransomware
ecac12520eaa08addb97ed05c2ac1406d56e58eb422954b704ef5c5516e02397,8a18fa2696f31992ef9bb3a971724f29,Ransomware
f51fc0ab96d1aee49950b8ca91ef67c330b8593340cc3002513100ac9bf163b0,48f5a1bfd405bf7846a1bd6e75c1acc8,Ransomware
3e6fbc358e0204cb67a41b05771fac74f1b49737c7ab7138e415c7e9628ef545,ff1f6956f07e700a86b5986b63ea12db,Ransomware
cb4af8d6d57163b0322bd033b36379f805bdb59ec550049ea568cc0a7dfe52cd,c9dbde6da0b2102b761351479af24b70,Ransomware
8bd2067d088dad4df24e11244f5b72ce1fd22b686e2ce9ba6ee8711f8f6a836d,bd3c693ecd17dcd9e60b08ab963121de,Ransomware
7cd8f10164a6c3209574751d16c4e9297334f11a08ade649055450d41e0d31e9,9e6148072b4bc1b232f3be2c02f886a1,Ransomware
04419b76566142902680b2c44b216905b44a5743502530066e408bac72d20864,95eb5380f665c8f21795b5ef2716f86d,Ransomware
b78469fb8eff53d82081bdcb0dbb3436f239b8ca6ef7fd800ce5ba7e098c256f,8203a583c5eef23e5fa7fa9d1506d430,Ransomware
93ce973daa9687f185966b3133f7003006655ec9d5bf3edb881efaf0e4fbafc7,be059dd5f3442f498bde97f69265ccbd,Ransomware
42438a67636a6981b4e3209449040f6b393f10fe0636dfca2260fc0f4271e135,0c7c5fcfb2368c716ce7eb0eda3f3533,Ransomware
74bc2f9a81ad2cc609b7730dbabb146506f58244e5e655cbb42044913384a6ac,48a673157da3940244ce0dfb3ecb58e9,Ransomware
3c56d3fe6373d5b84074f214b883ca65685d04141ff829f73ff65531bf1f86ad,21e25d30d4258366c12f76cc1b534fd8,Ransomware
5d9b68455031f1c5b78d6fc0af037cb7ea72b465fd32fdce368420b8b816e3e1,6e139f3da41b57d2a7b90b6a8d52a396,Ransomware
60c49baa290de5336e5903286d1e8ff8b8b833046a63be00966695dc9d3f6dbb,d3624ff1fd9a8d7866a1578359716a55,Ransomware
a29f63484f53d2cf832b2bc70d6b66378b87b86221f885d0f43166503d631ef3,a055246b0e804eb3a1dda52937f556ef,Ransomware
1fe9b489c25bb23b04d9996e8107671edee69bd6f6def2fe7ece38a0fb35f98e,18786bfac1be0ddf23ff94c029ca4d63,Ransomware
78b592a2710d81fa91235b445f674ee804db39c8cc34f7e894b4e7b7f6eacaff,fa8117afd2dbd20513522f2f8e991262,Ransomware
b5e73c65a92abd6d8ea6040739e6b71a207035f1517f3813c56fbac937b8ff06,6268478bf01dc3eacfa23372ca8b59fa,Ransomware
74ce1be7fe32869dbbfe599d7992c306a7ee693eb517924135975daa64a3a92f,944ed18066724dc6ca3fb3d72e4b9bdf,Ransomware
2bad63edfca3e163691110868bfafe4c2fea3ee72f5dc520bee5d4401cec3cec,a80bcbe62fd8d070796a757e3ca2a21b,Ransomware
d74f04f0b948d9586629e06e2a2a21bdf20d678e47058afb637414eb3701c1f6,726d948d365cb9db1dfd84a30203a642,Ransomware
50fdb342de90ce63c31625156beb9ed968bf11527ce7c4c3bd4a3f3f7c4cf730,e4be3e7aa3e471f7c42ec7ba35c3d69f,Ransomware
86f0a102ed4a4f82f843484cc045df5bea53118d25496086a68a7f791a3ab27b,4b4c98ac8f04680f7c529956cfe8519b,Ransomware
2896b38ec3f5f196a9d127dbda3f44c7c29c844f53ae5f209229d56fd6f2a59c,af94ccb62f97700115a219c4b7626d22,Ransomware
349bdb12a75fbfc2803f988862764ba6058b371728930f8dcb248f105ce607f7,69d6f75b8cfd52216a6ff4b0861655ef,Ransomware
d821b0ee9766ec7da7d7dc179a3ef189ffd3e681d787c1f11fedb270fdad96d2,ae858feba30bffb7a141f0612a4aed39,Ransomware
2df2fab33c1db5b049284a6bd5aa1f58bec4cb370b0663870b6a57ef33b5028c,56b9c44b62a03b837df7ad35e8ef3dd4,Ransomware
66060484cccedb839fb646d4e6020e079319374b2847c52dcec55c5ad60b1beb,ee11b17a14f1b7a6b197e9f38eb5cf7c,Ransomware
0a471df64b677fd6608c72626444d22381f7fc20ea0165cc5b88fdad0402d32f,329b796513db794d0548843d5e919a1e,Ransomware
08c2d24cb9c632f9aa84254bb673c9df04d4ac23ee07e840794e9438b06e9bd2,46a40ec6d39b7530830f3047cdebaa1b,Ransomware
9f31413bf3c33baac4cdac9557567109318cc355919b25d7b69cd64db25ff55c,62ac26e575f43a4743bb4f3fbf13e80b,Ransomware
d09338f3248b7c43b4c58274d453732fca910a0cee2ca50a2b72fe0364fb615c,6b391f91c63765876e2571e87fe46575,Ransomware
dc6b0e8c1e9c113f0364e1c8370060dee3fcbe25b667ddeca7623a95cd21411f,835f242dde220cc76ee5544119562268,Ransomware
a9643eb83d509ad4eac20a2a89d8571f8d781979ad078e89f5b75b4bcb16f65e,987336d00fdbec3bcdb95b078f7de46f,Ransomware
23f8aa94ffb3c08a62735fe7fee5799880a8f322ce1d55ec49a13a3f85312db2,5ac0f050f93f86e69026faea1fbb4450,Ransomware
7faeb64c50cd15d036ca259a047d6c62ed491fff3729433fefba0b02c059d5ed,0eed6a270c65ab473f149b8b13c46c68,Ransomware
40b865d1c3ab1b8544bcf57c88edd30679870d40b27d62feb237a19f0c5f9cd1,484a2bcb1335ac97ee91194f4c0964bc,Ransomware
9eb7abf2228ad28d8b7f571e0495d4a35da40607f04355307077975e271553b8,c68395e474088d5339972e2bf5a30f3c,Ransomware
781bc4dcbd459893397a8b987bf697f5b95435dfaf7fe3f4d2224728e7a2202a,8555b213260ba5eda4bf37652cecb431,Ransomware
05e06709523fd798da963c2c24254de0fcca6c57e1052996798ecc74ff43b41f,19fb1b610cb224e9441f962d04e263f2,Ransomware
d5d744e0f7984ec01593da35f26bf24e95e4b1cc8bd1c0ff4f31de5dbf94e38f,ba59b52b445f45aaf8fb707445587b48,Ransomware
ec3da4ac9ec917e66ab943ab149119807922f64f2e4960ebadc36fe7520b300f,0a0b0ac20e9fe72753e74def1e37724f,Ransomware
ed01ebfbc9eb5bbea545af4d01bf5f1071661840480439c6e5babe8e080e41aa,84c82835a5d21bbcf75a61706d8ab549,Ransomware
180f82bbedb03dc29328e32e054069870a1e65078b78b2120a84c96aaed7d843,a563c50c5fa0fd541248acaf72cc4e7d,Ransomware
e74567b575ff61b948ca3e4d41c2a488c67f09bcc29de5e35302716d63796c54,fdbb72a18e8e6e029482ee72d900f24a,Ransomware
88b1b4966650de59cef20c340b28739c52dc9ead91d9959a338a8e531ad38335,6cad2f7dc809b9353a31753a438aef4e,Ransomware
bc0ed3e73b8d1fdc839f2e8ed3578ca3221dba4eb984e581cb00dfb4cdfb7d49,67d32736c5e1300c21329f956da836ab,Ransomware
8f368b029a3a5517cb133529274834585d087a2d3a5875d03ea38e5774019c8a,89895cf4c88f13e5797aab63dddf1078,Ransomware
f534d1038be3bf9e0909d28ed1acb77825d1424b691a9259f4b7f605e105aaea,154b73d0a7aa19df12364a78b235f29f,Ransomware
8da85cb00f7ba5e8c23b058d31a4b169c18936a8f7181015ce27e871d8b8cccd,4f707c67968a14d08cc42958d5341707,Ransomware
2f44136a35b7f695c5cd0038d5756a59d6b8db8647615ab0d6a9614b2233aaa1,fb1f27723dbe1e6b7119cc695ff350c9,Ransomware
1e43c5be3ac264cf5eba9bc4647d2004012e283050924da06d5c1da18255a3b1,a55b0248a80478410b13f8223efd7ba6,Ransomware
2aab13d49b60001de3aa47fb8f7251a973faa7f3c53a3840cdf5fd0b26e9a09f,63210f8f1dde6c40a7f3643ccf0ff313,Ransomware
792b258b63cc60abacdcc9218b04152805081b3cf8d11de875969c7f07bb0738,e8583ee36603531bcf5001346c7474a7,Ransomware
50119da56e84ae4baa207a9391a0143fe5aa66c212aeba08e2d6d864af0a0d83,0a0ae5d804271f56c1fa5e1e695cc514,Ransomware
72d4375c5fe2533acb5e378ddbd3c55f87c61003a492caffdcb40db988c49503,6ed3e3327246cc457d22bb92bd3bba8b,Ransomware
f03f892b1615d0151f7b2784ad3f0f6c77eea3bceb7cd1117b2ac5f011f343cf,248053de4daa6124db405db8cc8da20c,Ransomware
5715421db87e90b962c061ed1a9e6af443f012ddd61d0a0a3450212063416c4d,179e9c53d04c3b66d135bc6bd4480b75,Ransomware
701d3db21920f78b8ed2eb6b4286f858277928f50d567c9c6594bd1971e9c07e,6bb55449f9ad55bb73f25877a1041e1f,Ransomware
414bb1af4fbb618c4889d69144c7f66591c6e5294d0ab3b7ea8b774946977cf2,4c6f64715df65201b347a48ac66d3daa,Ransomware
8025918ab649e33642c4eb74c2814397e971d5ab68e631e91649354c8dec2be5,27e765ba494c9f2c1228f57455642fdb,Ransomware
32c3fc22cab918195b3590ae17a424b5f79c145f6ee8c7d4aff376ce070248fc,168557f53a1ffa882cabb043578b2216,Ransomware
4a8031fc97753e95eb440a1f0f100ddcfbca0bca0bb2271dbc775e129282f304,3ce563e899291b59fa8c57c98cad9b4e,Ransomware
e32998012af31476e39dedb2f725269dbd0a165d74b53a32e5e359da3a01221d,7c8548dc28e0e2b14cfb953f4d2690b3,Ransomware
62214ccdcb1052b518e6059060daec143430c1ae13a799873ebabea7f3eae217,78e69723f1442f1b34a74de9430bcdd5,Ransomware
03246cda354d8efbc9e22057cc283609825f15cf33ddc5296deac54c2b540218,32126de1466136e0b4f39560f3956fb9,Ransomware
6d6089fee5f86170c5b3485a626cc6073631d09004f298da7b690b12a9482086,186b16a81a4742afd8bd53590ff2e705,Ransomware
6192163bbb9343a274904093b94d6b12111a88bf24b58cbf9ed2c1463503e022,bb8fce33b3478355c5a6c4f52f6ff83b,Ransomware
ed801a3e54843afe989aadd69cdab5e6fbf00e8e02742f354519b4b16de8f31c,02e8c7af3724ff535da627197920ad14,Ransomware
b370a4f93fb6e655f131329f027615c6828cdfc7002d7b0692f5d28e952c2194,26779fa8cd4f12d20016c6d4ad98d9d0,Ransomware
25c3a5bf8a33e941286f5f271843a480e4f8669086eac047abdfd6f8d5f96a06,ca13f4913d90017fd5cd552b30c25349,Ransomware
cd2bc2ceb0e1b7d7c31f7a2aec7e838d3a90767ed3d02e1720170875e4a23cb6,ce7104bc850c5a07a867cadb8f4bfa59,Ransomware
c659b1a6e09e7d7b98b368984d8d8e70ceee5666e3a7f54cf5a0fd90cc9f0eea,27c1b79ac47adbd44122f1c2e4dc15bd,Ransomware
f9c5420c0f039a178f5495ecfb657f8da383624e0cf7f02c645fbdfa95e2e8b9,7d8f0e539e50eb545d094c50aab0ea9e,Ransomware
0fd2df2e477e32ea67ae753d401f8b760a9d44e8f8198f6e4c71fdd136bdd17e,64213e0f66738792dafd21a9d45f9d5b,Ransomware
14fe0fa7e16253e53ce4c25616e08006ad09330bea8df9161a47b2815cd83067,94f407e8615ebe091ccf5035197ea1ea,Ransomware
c197da0fda316a92c66744bf13c77891e9f39cc10fbfebc42285a8b4761440b5,8b4c5d6e31e1ea1092535caef347772e,Ransomware
64f7ee64a85714afa869271965ada1e1ba588b07a205a3a5eda41e9265512b0b,1257ed4bc54daa05d8e0962f67227705,Ransomware
d158534622b057b387a617ebe2931fef6d5c7d386b6dfbeb652c4781846f87c1,1d46afb839b846ede01cb925470f0488,Ransomware
62230c1651781d4ab7234fe6d747dc6cc79c1381f4ee15a84cf9a2176dcdc5d9,7f344e3343e22d6dae8c81c29b9a661c,Ransomware
e5093e304a50d34cdf67ee8e49713c6131d6740e664ea49d9c98682336e3141a,78be5b87f4282ad396ba0cdb3219a8c4,Ransomware
df2894b4298be05620b329d27bf0b45314629316fd6a082b6d90bbdfe9bf5a53,13ff5145f905b197eee478e565e30f4e,Ransomware
d23c897e7bb23a6a525d1206dc792f0b81c34b4cce433614c08ce87aecd247fe,58997a369e34e552ff93b260c4719bf0,Ransomware
e43fb62c12fcf1be9f9982e81a59350a8f9dd2389198c0b332cef832a63aac0f,8a714ad99ae5dbd5fd8432efafb5b8e6,Ransomware
a1d99da15a8902431ab728f50cc47294cdb18fa204d4343f42e49fc84d44bed6,f7fad376e883d2bab82fbae91e5874f5,Ransomware
3e98eb61e6b238064ffcecbcb974076da7839d22ee78187b764a7cbda561e8e3,8f301e6bf813e0e2132b092162a23e22,Ransomware
a56e155faefc72a0f5174e27670cd9f8e8c66a646744feedd0211e37f6aef6fb,8e244d7b7cf47c80086e78d82faa5973,Ransomware
c6ed9060470627727d8d0dbb1dc20780d3c2b769fe4df575534158735cc8dda0,3574650da1cff1dff8f334feafeadd5a,Ransomware
e64a182607d00395ebd9658681b3bb8f8d5a3436587a2bb5f50355b65a647bd8,e75dff9d996dfb5819c678125f3ab581,Ransomware
24d004a104d4d54034dbcffc2a4b19a11f39008a575aa614ea04703480b1022c,db349b97c37d22f5ea1d1841e3c89eb4,Ransomware
5d1d899f422cd4073b4a7f38ef845bb3b02d497bcd53c30a99497c9dd1f76cf5,7604fc7ace817783aa6c58d7659afb86,Ransomware
4bbf7589615ebdb6c769d6d2e7bdcb26072bac0cda6e225a4133ba8819e688d5,9c642c5b111ee85a6bccffc7af896a51,Ransomware
17d901ea338cf7b487226ebd86f963023ce246d9f3aaa973f6d15c44cb01907d,db4b6127b0eba1c8e0535283e52ee1df,Ransomware
